naME,AlgaeRemoval110kpa
v31-151-1021(10%),62.99805
v31-151-0421(10%),65.4552
v31-151-1015(10%),65.52674
v31-151-0421(5%),69.414
v31-151-1015(5%),70.38085
v31-151-0025(10%),70.83185
v31-151-,71.69291
v31-151-1021(5%),73.05174
v31-151-0025(5%),75.97122
v22-301-1021(5%),81.13863
v22-301-1015 (5%),81.85893
v22-301-0025(5%),86.88113
v22-301-1015 (10%),87.47633
v22-301-0025(10%),87.8963
v22-301,88.14097
v22-301-0421 (10%),89.95303
v22-301-1021(10%),91.91157
v22-301-0421 (5%),95.88955
