NAME,PW5,TIC1,MWC08,MW
DMS-V31,1.994264506,2.501440856,2.339867009,2.502644565
DMS-V22,-0.796535469,-0.349581156,0.507625184,0.385246803
HMS-301,-0.746053353,-0.710809999,-0.970243995,-0.6367849
HMS-151,-0.810267188,-0.716664594,-0.855936031,-0.627434326
PMM-0025,1.354933534,-0.708511964,-0.725946785,-0.691660704
PDM-0421,-0.303792699,0.238542441,0.04757104,-0.200774912
PMM-1015,-0.406956754,-0.05484647,-0.120112974,-0.3260726
PMM-1021,-0.285592577,-0.199569112,-0.222823448,-0.405163925
